,index,sentence,numerals-tags,company,docEndDate,docType,fileName,year,ner_tags,tokens
0,59076,"In the fiscal year ended September 30, 2020, the Company recorded a $6.6 billion legal accrual in connection with a proposed global opioid settlement, as well as other opioid-related litigation.",{'us-gaap:LossContingencyAccrualProvision': ['6.6']},AMERISOURCEBERGEN CORP,"September 30, 2021",10-K,/home/soumyasharma/HULK/financial/FinNumRED/data/sec_edgar_files/sec-edgar-filings/ABC/10-K/0001140859-21-000058/filing-details.html,21,"[0, 0, 0, 0, 0, 0, 0, 0, 0, 0, 0, 0, 0, 0, 0, 99, 0, 0, 0, 0, 0, 0, 0, 0, 0, 0, 0, 0, 0, 0, 0, 0, 0, 0, 0, 0, 0]","['In', 'the', 'fiscal', 'year', 'ended', 'September', '30', ',', '2020', ',', 'the', 'Company', 'recorded', 'a', '$', '6.6', 'billion', 'legal', 'accrual', 'in', 'connection', 'with', 'a', 'proposed', 'global', 'opioid', 'settlement', ',', 'as', 'well', 'as', 'other', 'opioid', '-', 'related', 'litigation', '.']"
1,90538,"The related income tax benefit recognized was $6 million, $8million and $8million for the years ended December31, 2020, 2019 and 2018.",{'us-gaap:EmployeeServiceShareBasedCompensationTaxBenefitFromCompensationExpense': ['6']},CNA FINANCIAL CORPORATION,"December 31, 2020",10-K,/home/soumyasharma/HULK/financial/FinNumRED/data/sec_edgar_files/sec-edgar-filings/CNA/10-K/0000021175-21-000022/filing-details.html,21,"[0, 0, 0, 0, 0, 0, 0, 0, 2614, 0, 0, 0, 0, 0, 0, 0, 0, 0, 0, 0, 0, 0, 0, 0, 0, 0, 0, 0]","['The', 'related', 'income', 'tax', 'benefit', 'recognized', 'was', '$', '6', 'million', ',', '$', '8million', 'and', '$', '8million', 'for', 'the', 'years', 'ended', 'December31', ',', '2020', ',', '2019', 'and', '2018', '.']"
2,62492,"Depreciation expense was $87.9 million in 2020, $86.6 million in 2019 and $83.3 million in 2018.","{'us-gaap:Depreciation': ['87.9', '86.6', '83.3']}","Avantor, Inc.","December 31, 2020",10-K,/home/soumyasharma/HULK/financial/FinNumRED/data/sec_edgar_files/sec-edgar-filings/AVTR/10-K/0001722482-21-000040/filing-details.html,21,"[0, 0, 0, 0, 2572, 0, 0, 0, 0, 0, 2572, 0, 0, 0, 0, 0, 2572, 0, 0, 0, 0]","['Depreciation', 'expense', 'was', '$', '87.9', 'million', 'in', '2020', ',', '$', '86.6', 'million', 'in', '2019', 'and', '$', '83.3', 'million', 'in', '2018', '.']"
3,59899,"Midship Holdings entered into agreements with investment funds managed by EIG Global Energy Partners (“EIG”) under which EIG-managed funds committed to make an investment of up to $500 million (the “EIG Investment”) in the Midship Project, subject to the terms and conditions contained in the applicable agreements.",{'us-gaap:InvestmentCompanyFinancialCommitmentToInvesteeFutureAmount': ['500']},"CHENIERE ENERGY, INC.","December 31, 2019",10-K,/home/soumyasharma/HULK/financial/FinNumRED/data/sec_edgar_files/sec-edgar-filings/LNG/10-K/0000003570-20-000043/filing-details.html,20,"[0, 0, 0, 0, 0, 0, 0, 0, 0, 0, 0, 0, 0, 0, 0, 0, 0, 0, 0, 0, 0, 0, 0, 0, 0, 0, 0, 0, 0, 0, 0, 0, 0, 0, 1511, 0, 0, 0, 0, 0, 0, 0, 0, 0, 0, 0, 0, 0, 0, 0, 0, 0, 0, 0, 0, 0, 0, 0, 0, 0]","['Midship', 'Holdings', 'entered', 'into', 'agreements', 'with', 'investment', 'funds', 'managed', 'by', 'EIG', 'Global', 'Energy', 'Partners', '(', '“', 'EIG', '”', ')', 'under', 'which', 'EIG', '-', 'managed', 'funds', 'committed', 'to', 'make', 'an', 'investment', 'of', 'up', 'to', '$', '500', 'million', '(', 'the', '“', 'EIG', 'Investment', '”', ')', 'in', 'the', 'Midship', 'Project', ',', 'subject', 'to', 'the', 'terms', 'and', 'conditions', 'contained', 'in', 'the', 'applicable', 'agreements', '.']"
4,7181,Operating income (loss) and income (loss) before income taxes were reduced by $737 million for Bottling Investments and $34 million for Corporate due to asset impairment charges.,{'us-gaap:ImpairmentOfIntangibleAssetsIndefinitelivedExcludingGoodwill': ['34']},COCA COLA CO,"December 31, 2019",10-K,/home/soumyasharma/HULK/financial/FinNumRED/data/sec_edgar_files/sec-edgar-filings/KO/10-K/0000021344-20-000006/filing-details.html,20,"[0, 0, 0, 0, 0, 0, 0, 0, 0, 0, 0, 0, 0, 0, 0, 0, 0, 0, 0, 0, 0, 0, 0, 0, 55, 0, 0, 0, 0, 0, 0, 0, 0, 0]","['Operating', 'income', '(', 'loss', ')', 'and', 'income', '(', 'loss', ')', 'before', 'income', 'taxes', 'were', 'reduced', 'by', '$', '737', 'million', 'for', 'Bottling', 'Investments', 'and', '$', '34', 'million', 'for', 'Corporate', 'due', 'to', 'asset', 'impairment', 'charges', '.']"
5,57695,"Under this agreement, the Company made a prepayment of $250 million to a financial institution and settlement occurred in September 2019.",{'us-gaap:AcceleratedShareRepurchasesSettlementPaymentOrReceipt': ['250']},CSX CORPORATION,"December 31, 2019",10-K,/home/soumyasharma/HULK/financial/FinNumRED/data/sec_edgar_files/sec-edgar-filings/CSX/10-K/0000277948-20-000008/filing-details.html,20,"[0, 0, 0, 0, 0, 0, 0, 0, 0, 0, 0, 130, 0, 0, 0, 0, 0, 0, 0, 0, 0, 0, 0, 0]","['Under', 'this', 'agreement', ',', 'the', 'Company', 'made', 'a', 'prepayment', 'of', '$', '250', 'million', 'to', 'a', 'financial', 'institution', 'and', 'settlement', 'occurred', 'in', 'September', '2019', '.']"
6,78060,"In July 2018, our board of directors authorized an additional $500.0 million of share repurchases through July 2019.",{'us-gaap:StockRepurchaseProgramAuthorizedAmount1': ['500.0']},Liberty Global plc,2018-12-31,10-K,/home/soumyasharma/HULK/financial/FinNumRED/data/sec_edgar_files/sec-edgar-filings/LBTYA/10-K/0001570585-19-000039/filing-details.html,19,"[0, 0, 0, 0, 0, 0, 0, 0, 0, 0, 0, 0, 2586, 0, 0, 0, 0, 0, 0, 0, 0]","['In', 'July', '2018', ',', 'our', 'board', 'of', 'directors', 'authorized', 'an', 'additional', '$', '500.0', 'million', 'of', 'share', 'repurchases', 'through', 'July', '2019', '.']"
7,79431,Quanta borrowed $600.0 million under the term loan facility in October 2018 and $687.5 million under the term loan facility in September 2019 and used the majority of such proceeds to repay outstanding revolving loans under the credit agreement.,"{'us-gaap:ProceedsFromLongTermLinesOfCredit': ['600.0', '687.5']}","Quanta Services, Inc.","December 31, 2019",10-K,/home/soumyasharma/HULK/financial/FinNumRED/data/sec_edgar_files/sec-edgar-filings/PWR/10-K/0001050915-20-000020/filing-details.html,20,"[0, 0, 0, 884, 0, 0, 0, 0, 0, 0, 0, 0, 0, 0, 0, 884, 0, 0, 0, 0, 0, 0, 0, 0, 0, 0, 0, 0, 0, 0, 0, 0, 0, 0, 0, 0, 0, 0, 0, 0, 0, 0]","['Quanta', 'borrowed', '$', '600.0', 'million', 'under', 'the', 'term', 'loan', 'facility', 'in', 'October', '2018', 'and', '$', '687.5', 'million', 'under', 'the', 'term', 'loan', 'facility', 'in', 'September', '2019', 'and', 'used', 'the', 'majority', 'of', 'such', 'proceeds', 'to', 'repay', 'outstanding', 'revolving', 'loans', 'under', 'the', 'credit', 'agreement', '.']"
8,48164,secured financing comprised of (i) a $1.5 billion revolving credit facility; (ii) a $1.5 billion term loan; (iii) a $1.37 billion term loan; (iv) a $1.14 billion term loan; and (v) a $500.0 million term loan.,"{'us-gaap:DebtInstrumentFaceAmount': ['1.5', '1.5', '1.37', '1.14', '500.0']}",GLOBAL PAYMENTS INC,"December 31, 2020",10-K,/home/soumyasharma/HULK/financial/FinNumRED/data/sec_edgar_files/sec-edgar-filings/GPN/10-K/0001123360-21-000009/filing-details.html,21,"[0, 0, 0, 0, 0, 0, 0, 0, 0, 2609, 0, 0, 0, 0, 0, 0, 0, 0, 0, 0, 2609, 0, 0, 0, 0, 0, 0, 0, 0, 0, 2609, 0, 0, 0, 0, 0, 0, 0, 0, 0, 2609, 0, 0, 0, 0, 0, 0, 0, 0, 0, 0, 2609, 0, 0, 0, 0]","['secured', 'financing', 'comprised', 'of', '(', 'i', ')', 'a', '$', '1.5', 'billion', 'revolving', 'credit', 'facility', ';', '(', 'ii', ')', 'a', '$', '1.5', 'billion', 'term', 'loan', ';', '(', 'iii', ')', 'a', '$', '1.37', 'billion', 'term', 'loan', ';', '(', 'iv', ')', 'a', '$', '1.14', 'billion', 'term', 'loan', ';', 'and', '(', 'v', ')', 'a', '$', '500.0', 'million', 'term', 'loan', '.']"
9,56184,"Net Investment Hedges—At December 31, 2019 and 2018, we had outstanding foreign currency contracts with an aggregate notional value of €617 million ($650 million) designated as net investment hedges.","{'us-gaap:DerivativeNotionalAmount': ['617', '650']}",LyondellBasell Industries N.V.,"December 31, 2019",10-K,/home/soumyasharma/HULK/financial/FinNumRED/data/sec_edgar_files/sec-edgar-filings/LYB/10-K/0001489393-20-000009/filing-details.html,20,"[0, 0, 0, 0, 0, 0, 0, 0, 0, 0, 0, 0, 0, 0, 0, 0, 0, 0, 0, 0, 0, 0, 0, 0, 0, 2606, 0, 0, 0, 2606, 0, 0, 0, 0, 0, 0, 0, 0]","['Net', 'Investment', 'Hedges', '—', 'At', 'December', '31', ',', '2019', 'and', '2018', ',', 'we', 'had', 'outstanding', 'foreign', 'currency', 'contracts', 'with', 'an', 'aggregate', 'notional', 'value', 'of', '€', '617', 'million', '(', '$', '650', 'million', ')', 'designated', 'as', 'net', 'investment', 'hedges', '.']"
10,10285,"Operating lease expense for the year ended December31, 2019, 2018, and 2017 was $29.0 million, $40.1 million, and $36.0 million, respectively.","{'us-gaap:OperatingLeaseExpense': ['29.0', '40.1', '36.0']}",PRICE T ROWE GROUP INC,"December 31, 2019",10-K,/home/soumyasharma/HULK/financial/FinNumRED/data/sec_edgar_files/sec-edgar-filings/T/10-K/0001113169-20-000008/filing-details.html,20,"[0, 0, 0, 0, 0, 0, 0, 0, 0, 0, 0, 0, 0, 0, 0, 0, 0, 2629, 0, 0, 0, 2629, 0, 0, 0, 0, 2629, 0, 0, 0, 0]","['Operating', 'lease', 'expense', 'for', 'the', 'year', 'ended', 'December31', ',', '2019', ',', '2018', ',', 'and', '2017', 'was', '$', '29.0', 'million', ',', '$', '40.1', 'million', ',', 'and', '$', '36.0', 'million', ',', 'respectively', '.']"
11,11058,"The weighted average grant date fair values per share of RSUs granted in 2019, 2018 and 2017 were $106.58, $110.05 and $79.52, respectively.","{'us-gaap:ShareBasedCompensationArrangementByShareBasedPaymentAwardEquityInstrumentsOtherThanOptionsGrantsInPeriodWeightedAverageGrantDateFairValue': ['106.58', '110.05', '79.52']}",TEXAS INSTRUMENTS INCORPORATED,"December 31, 2019",10-K,/home/soumyasharma/HULK/financial/FinNumRED/data/sec_edgar_files/sec-edgar-filings/TXN/10-K/0000097476-20-000009/filing-details.html,20,"[0, 0, 0, 0, 0, 0, 0, 0, 0, 0, 0, 0, 0, 0, 0, 0, 0, 0, 0, 0, 2637, 0, 0, 2637, 0, 0, 2637, 0, 0, 0]","['The', 'weighted', 'average', 'grant', 'date', 'fair', 'values', 'per', 'share', 'of', 'RSUs', 'granted', 'in', '2019', ',', '2018', 'and', '2017', 'were', '$', '106.58', ',', '$', '110.05', 'and', '$', '79.52', ',', 'respectively', '.']"
12,74714,"As of December31, 2019 and 2018, there was approximately $2.3 million and $1.5 million of unrecognized share-based compensation expense, net of estimated forfeitures, related to ESPP, which will be recognized on a straight-line basis over the remaining weighted-average vesting periods of approximately 0.4 years, respectively.","{'us-gaap:EmployeeServiceShareBasedCompensationNonvestedAwardsTotalCompensationCostNotYetRecognized': ['2.3', '1.5']}","RingCentral, Inc.","December 31, 2019",10-K,/home/soumyasharma/HULK/financial/FinNumRED/data/sec_edgar_files/sec-edgar-filings/RNG/10-K/0001384905-20-000008/filing-details.html,20,"[0, 0, 0, 0, 0, 0, 0, 0, 0, 0, 0, 0, 2590, 0, 0, 0, 2590, 0, 0, 0, 0, 0, 0, 0, 0, 0, 0, 0, 0, 0, 0, 0, 0, 0, 0, 0, 0, 0, 0, 0, 0, 0, 0, 0, 0, 0, 0, 0, 0, 0, 0, 0, 0, 0, 0, 0, 0, 0, 0, 0]","['As', 'of', 'December31', ',', '2019', 'and', '2018', ',', 'there', 'was', 'approximately', '$', '2.3', 'million', 'and', '$', '1.5', 'million', 'of', 'unrecognized', 'share', '-', 'based', 'compensation', 'expense', ',', 'net', 'of', 'estimated', 'forfeitures', ',', 'related', 'to', 'ESPP', ',', 'which', 'will', 'be', 'recognized', 'on', 'a', 'straight', '-', 'line', 'basis', 'over', 'the', 'remaining', 'weighted', '-', 'average', 'vesting', 'periods', 'of', 'approximately', '0.4', 'years', ',', 'respectively', '.']"
13,942,"At December 31, 2020, we have $1,455 million of other indemnification commitments, including representations and warranties in sales of businesses or assets, for which we recorded a liability of $142 million.","{'us-gaap:OtherCommitment': ['1,455']}",GENERAL ELECTRIC CO,"December 31, 2020",10-K,/home/soumyasharma/HULK/financial/FinNumRED/data/sec_edgar_files/sec-edgar-filings/GE/10-K/0000040545-21-000011/filing-details.html,21,"[0, 0, 0, 0, 0, 0, 0, 0, 0, 2643, 0, 0, 0, 0, 0, 0, 0, 0, 0, 0, 0, 0, 0, 0, 0, 0, 0, 0, 0, 0, 0, 0, 0, 0, 0, 0, 0, 0]","['At', 'December', '31', ',', '2020', ',', 'we', 'have', '$', '1,455', 'million', 'of', 'other', 'indemnification', 'commitments', ',', 'including', 'representations', 'and', 'warranties', 'in', 'sales', 'of', 'businesses', 'or', 'assets', ',', 'for', 'which', 'we', 'recorded', 'a', 'liability', 'of', '$', '142', 'million', '.']"
14,46342,"Common stock, 300.0 shares authorized, $0.001 par value, 117.7 shares and 116.0 shares issued and outstanding as of December 31, 2020, and 2019, respectively","{'us-gaap:CommonStockSharesAuthorized': ['300.0'], 'us-gaap:CommonStockParOrStatedValuePerShare': ['0.001'], 'us-gaap:CommonStockSharesIssued': ['117.7', '116.0']}","Intuitive Surgical, Inc.","December 31, 2020",10-K,/home/soumyasharma/HULK/financial/FinNumRED/data/sec_edgar_files/sec-edgar-filings/ISRG/10-K/0001035267-21-000028/filing-details.html,21,"[0, 0, 0, 2578, 0, 0, 0, 0, 2633, 0, 0, 0, 2634, 0, 0, 2634, 0, 0, 0, 0, 0, 0, 0, 0, 0, 0, 0, 0, 0, 0, 0]","['Common', 'stock', ',', '300.0', 'shares', 'authorized', ',', '$', '0.001', 'par', 'value', ',', '117.7', 'shares', 'and', '116.0', 'shares', 'issued', 'and', 'outstanding', 'as', 'of', 'December', '31', ',', '2020', ',', 'and', '2019', ',', 'respectively']"
15,72831,"Regardless of the fluctuations in fair value, the outstanding principal amount of our long-term debt is $793 million at both December31, 2020 and 2019.",{'us-gaap:DebtInstrumentFaceAmount': ['793']},Cincinnati Financial Corporation,"December 31, 2020",10-K,/home/soumyasharma/HULK/financial/FinNumRED/data/sec_edgar_files/sec-edgar-filings/CINF/10-K/0000020286-21-000013/filing-details.html,21,"[0, 0, 0, 0, 0, 0, 0, 0, 0, 0, 0, 0, 0, 0, 0, 0, 0, 0, 0, 0, 2609, 0, 0, 0, 0, 0, 0, 0, 0, 0]","['Regardless', 'of', 'the', 'fluctuations', 'in', 'fair', 'value', ',', 'the', 'outstanding', 'principal', 'amount', 'of', 'our', 'long', '-', 'term', 'debt', 'is', '$', '793', 'million', 'at', 'both', 'December31', ',', '2020', 'and', '2019', '.']"
16,95285,"The company has operating lease costs of $31.2 million, $31.0 million and $30.2 million in fiscal 2020, 2019 and 2018 respectively, including short-term lease expense and variable lease costs, which were immaterial in the year.","{'us-gaap:OperatingLeaseCost': ['31.2', '31.0', '30.2']}",THE MIDDLEBY CORPORATION,"January 2, 2021",10-K,/home/soumyasharma/HULK/financial/FinNumRED/data/sec_edgar_files/sec-edgar-filings/MIDD/10-K/0000769520-21-000003/filing-details.html,21,"[0, 0, 0, 0, 0, 0, 0, 0, 248, 0, 0, 0, 248, 0, 0, 0, 248, 0, 0, 0, 0, 0, 0, 0, 0, 0, 0, 0, 0, 0, 0, 0, 0, 0, 0, 0, 0, 0, 0, 0, 0, 0, 0, 0, 0]","['The', 'company', 'has', 'operating', 'lease', 'costs', 'of', '$', '31.2', 'million', ',', '$', '31.0', 'million', 'and', '$', '30.2', 'million', 'in', 'fiscal', '2020', ',', '2019', 'and', '2018', 'respectively', ',', 'including', 'short', '-', 'term', 'lease', 'expense', 'and', 'variable', 'lease', 'costs', ',', 'which', 'were', 'immaterial', 'in', 'the', 'year', '.']"
17,94307,The Former Affiliate also submitted three alternative breach of contract claims to the 2014 and 2019 Claims that may entitle the Former Affiliate to recovery of $148.5 million to $329.4 million.,"{'us-gaap:LossContingencyDamagesSoughtValue': ['148.5', '329.4']}",AECOM,"SEPTEMBER 30, 2020",10-K,/home/soumyasharma/HULK/financial/FinNumRED/data/sec_edgar_files/sec-edgar-filings/ACM/10-K/0001104659-20-126988/filing-details.html,20,"[0, 0, 0, 0, 0, 0, 0, 0, 0, 0, 0, 0, 0, 0, 0, 0, 0, 0, 0, 0, 0, 0, 0, 0, 0, 0, 0, 2657, 0, 0, 0, 2657, 0, 0]","['The', 'Former', 'Affiliate', 'also', 'submitted', 'three', 'alternative', 'breach', 'of', 'contract', 'claims', 'to', 'the', '2014', 'and', '2019', 'Claims', 'that', 'may', 'entitle', 'the', 'Former', 'Affiliate', 'to', 'recovery', 'of', '$', '148.5', 'million', 'to', '$', '329.4', 'million', '.']"
18,75883,"(a)Excludes $8 million of finance receivables at December31, 2020, for which we have elected the fair value option.",{'us-gaap:LoansReceivableFairValueDisclosure': ['8']},ALLY FINANCIAL INC.,"December 31, 2020",10-K,/home/soumyasharma/HULK/financial/FinNumRED/data/sec_edgar_files/sec-edgar-filings/ALLY/10-K/0000040729-21-000008/filing-details.html,21,"[0, 0, 0, 39, 0, 0, 0, 0, 0, 0, 0, 0, 0, 0, 0, 0, 0, 0, 0, 0, 0, 0, 0]","['(', 'a)Excludes', '$', '8', 'million', 'of', 'finance', 'receivables', 'at', 'December31', ',', '2020', ',', 'for', 'which', 'we', 'have', 'elected', 'the', 'fair', 'value', 'option', '.']"
19,60576,"thousand shares of Fortive common stock with an aggregate value of approximately $16 million, were withheld to satisfy this requirement.",{'us-gaap:PaymentsRelatedToTaxWithholdingForShareBasedCompensation': ['16']},FORTIVE CORPORATION,"December 31, 2020",10-K,/home/soumyasharma/HULK/financial/FinNumRED/data/sec_edgar_files/sec-edgar-filings/FTV/10-K/0001659166-21-000062/filing-details.html,21,"[0, 0, 0, 0, 0, 0, 0, 0, 0, 0, 0, 0, 0, 988, 0, 0, 0, 0, 0, 0, 0, 0, 0]","['thousand', 'shares', 'of', 'Fortive', 'common', 'stock', 'with', 'an', 'aggregate', 'value', 'of', 'approximately', '$', '16', 'million', ',', 'were', 'withheld', 'to', 'satisfy', 'this', 'requirement', '.']"
20,10466,"1Includes $2,442 for the reclassification of prior service credit amortization.","{'us-gaap:OtherComprehensiveIncomeLossAmortizationAdjustmentFromAOCIPensionAndOtherPostretirementBenefitPlansForNetPriorServiceCostCreditBeforeTax': ['2,442']}",AT&T INC.,"December 31, 2020",10-K,/home/soumyasharma/HULK/financial/FinNumRED/data/sec_edgar_files/sec-edgar-filings/T/10-K/0000732717-21-000012/filing-details.html,21,"[0, 0, 907, 0, 0, 0, 0, 0, 0, 0, 0, 0]","['1Includes', '$', '2,442', 'for', 'the', 'reclassification', 'of', 'prior', 'service', 'credit', 'amortization', '.']"
21,90278,"The Company's revenue attributable to the United States represented 93%, 97%, and 100% of total revenue for the fiscal years ended June30, 2020, 2019, and 2018, respectively.","{'us-gaap:ConcentrationRiskPercentage1': ['93', '97', '100']}","Peloton Interactive, Inc.","June 30, 2020",10-K,/home/soumyasharma/HULK/financial/FinNumRED/data/sec_edgar_files/sec-edgar-filings/PTON/10-K/0001639825-20-000122/filing-details.html,20,"[0, 0, 0, 0, 0, 0, 0, 0, 0, 0, 2594, 0, 0, 2594, 0, 0, 0, 2594, 0, 0, 0, 0, 0, 0, 0, 0, 0, 0, 0, 0, 0, 0, 0, 0, 0, 0, 0, 0]","['The', 'Company', ""'s"", 'revenue', 'attributable', 'to', 'the', 'United', 'States', 'represented', '93', '%', ',', '97', '%', ',', 'and', '100', '%', 'of', 'total', 'revenue', 'for', 'the', 'fiscal', 'years', 'ended', 'June30', ',', '2020', ',', '2019', ',', 'and', '2018', ',', 'respectively', '.']"
22,69039,"The total grant date fair value of restricted stock awards vested for Company employees in fiscal 2020, 2019 and 2018 was $254 million, $182 million and $355 million, respectively.","{'us-gaap:ShareBasedCompensationArrangementByShareBasedPaymentAwardEquityInstrumentsOtherThanOptionsVestedInPeriodTotalFairValue': ['254', '182', '355']}",HEWLETT PACKARD ENTERPRISE CO,"October 31, 2020",10-K,/home/soumyasharma/HULK/financial/FinNumRED/data/sec_edgar_files/sec-edgar-filings/HPE/10-K/0001645590-20-000056/filing-details.html,20,"[0, 0, 0, 0, 0, 0, 0, 0, 0, 0, 0, 0, 0, 0, 0, 0, 0, 0, 0, 0, 0, 0, 0, 2618, 0, 0, 0, 2618, 0, 0, 0, 2618, 0, 0, 0, 0]","['The', 'total', 'grant', 'date', 'fair', 'value', 'of', 'restricted', 'stock', 'awards', 'vested', 'for', 'Company', 'employees', 'in', 'fiscal', '2020', ',', '2019', 'and', '2018', 'was', '$', '254', 'million', ',', '$', '182', 'million', 'and', '$', '355', 'million', ',', 'respectively', '.']"
23,55965,"On May 1, 2018, we completed our initial public offering, or IPO, in which we issued and sold 19.3 million shares of common stock at price to the public of $29.00 per share, including 3.3 million shares of common stock purchased by the underwriters in the full exercise of the over-allotment option granted to them.","{'us-gaap:SaleOfStockNumberOfSharesIssuedInTransaction': ['19.3', '3.3'], 'us-gaap:SaleOfStockPricePerShare': ['29.00']}",DOCUSIGN INC,"January 31, 2019",10-K,/home/soumyasharma/HULK/financial/FinNumRED/data/sec_edgar_files/sec-edgar-filings/DOCU/10-K/0001261333-19-000012/filing-details.html,19,"[0, 0, 0, 0, 0, 0, 0, 0, 0, 0, 0, 0, 0, 0, 0, 0, 0, 0, 0, 0, 0, 0, 2662, 0, 0, 0, 0, 0, 0, 0, 0, 0, 0, 0, 0, 278, 0, 0, 0, 0, 2662, 0, 0, 0, 0, 0, 0, 0, 0, 0, 0, 0, 0, 0, 0, 0, 0, 0, 0, 0, 0, 0, 0, 0]","['On', 'May', '1', ',', '2018', ',', 'we', 'completed', 'our', 'initial', 'public', 'offering', ',', 'or', 'IPO', ',', 'in', 'which', 'we', 'issued', 'and', 'sold', '19.3', 'million', 'shares', 'of', 'common', 'stock', 'at', 'price', 'to', 'the', 'public', 'of', '$', '29.00', 'per', 'share', ',', 'including', '3.3', 'million', 'shares', 'of', 'common', 'stock', 'purchased', 'by', 'the', 'underwriters', 'in', 'the', 'full', 'exercise', 'of', 'the', 'over', '-', 'allotment', 'option', 'granted', 'to', 'them', '.']"
24,16702,"While the adoption of the new standard did not have a significant effect on earnings, approximately $2 billion of certain annual revenues that were previously classified in other revenue have been reclassified to passenger revenue.",{'us-gaap:RevenueFromContractWithCustomerExcludingAssessedTax': ['2']},DELTA AIR LINES INC /DE/,"December 31, 2018",10-K,/home/soumyasharma/HULK/financial/FinNumRED/data/sec_edgar_files/sec-edgar-filings/DE/10-K/0000027904-19-000003/filing-details.html,19,"[0, 0, 0, 0, 0, 0, 0, 0, 0, 0, 0, 0, 0, 0, 0, 0, 0, 0, 2597, 0, 0, 0, 0, 0, 0, 0, 0, 0, 0, 0, 0, 0, 0, 0, 0, 0, 0, 0]","['While', 'the', 'adoption', 'of', 'the', 'new', 'standard', 'did', 'not', 'have', 'a', 'significant', 'effect', 'on', 'earnings', ',', 'approximately', '$', '2', 'billion', 'of', 'certain', 'annual', 'revenues', 'that', 'were', 'previously', 'classified', 'in', 'other', 'revenue', 'have', 'been', 'reclassified', 'to', 'passenger', 'revenue', '.']"
25,77262,"For 2020, the 15% taxes on foreign earnings item includes $20million of tax benefit associated with the Company's equity investment in Guacolda.",{'us-gaap:EffectiveIncomeTaxRateReconciliationForeignIncomeTaxRateDifferential': ['15']},THE AES CORPORATION,"December 31, 2020",10-K,/home/soumyasharma/HULK/financial/FinNumRED/data/sec_edgar_files/sec-edgar-filings/AES/10-K/0000874761-21-000015/filing-details.html,21,"[0, 0, 0, 0, 663, 0, 0, 0, 0, 0, 0, 0, 0, 0, 0, 0, 0, 0, 0, 0, 0, 0, 0, 0, 0, 0, 0]","['For', '2020', ',', 'the', '15', '%', 'taxes', 'on', 'foreign', 'earnings', 'item', 'includes', '$', '20million', 'of', 'tax', 'benefit', 'associated', 'with', 'the', 'Company', ""'s"", 'equity', 'investment', 'in', 'Guacolda', '.']"
26,79702,"During 2018, we recorded a gain relating to income tax-related interest and penalties of $0.9 million due to uncertain tax positions included in Provision for income taxes in the accompanying consolidated statements of operations.",{'us-gaap:UnrecognizedTaxBenefitsIncomeTaxPenaltiesAndInterestExpense': ['0.9']},"ADVANCE AUTO PARTS, INC.","December 28, 2019",10-K,/home/soumyasharma/HULK/financial/FinNumRED/data/sec_edgar_files/sec-edgar-filings/AAP/10-K/0001158449-20-000035/filing-details.html,20,"[0, 0, 0, 0, 0, 0, 0, 0, 0, 0, 0, 0, 0, 0, 0, 0, 0, 0, 2640, 0, 0, 0, 0, 0, 0, 0, 0, 0, 0, 0, 0, 0, 0, 0, 0, 0, 0, 0, 0]","['During', '2018', ',', 'we', 'recorded', 'a', 'gain', 'relating', 'to', 'income', 'tax', '-', 'related', 'interest', 'and', 'penalties', 'of', '$', '0.9', 'million', 'due', 'to', 'uncertain', 'tax', 'positions', 'included', 'in', 'Provision', 'for', 'income', 'taxes', 'in', 'the', 'accompanying', 'consolidated', 'statements', 'of', 'operations', '.']"
27,67023,"As of December31, 2019, interest on the borrowings under the Secured Receivables Credit Facility is based on either commercial paper rates for highly-rated issuers or LIBOR plus a spread of 0.70% to 0.725%.","{'us-gaap:DebtInstrumentBasisSpreadOnVariableRate1': ['0.70', '0.725']}",Quest Diagnostics Inc,"December 31, 2019",10-K,/home/soumyasharma/HULK/financial/FinNumRED/data/sec_edgar_files/sec-edgar-filings/DGX/10-K/0001022079-20-000017/filing-details.html,20,"[0, 0, 0, 0, 0, 0, 0, 0, 0, 0, 0, 0, 0, 0, 0, 0, 0, 0, 0, 0, 0, 0, 0, 0, 0, 0, 0, 0, 0, 0, 0, 0, 0, 0, 2587, 0, 0, 2587, 0, 0]","['As', 'of', 'December31', ',', '2019', ',', 'interest', 'on', 'the', 'borrowings', 'under', 'the', 'Secured', 'Receivables', 'Credit', 'Facility', 'is', 'based', 'on', 'either', 'commercial', 'paper', 'rates', 'for', 'highly', '-', 'rated', 'issuers', 'or', 'LIBOR', 'plus', 'a', 'spread', 'of', '0.70', '%', 'to', '0.725', '%', '.']"
28,99534,"During the years ended December31, 2018 and 2017, we sold marketable securities for proceeds of $10.8 million and $118.3 million, respectively, and realized gains of less than $0.1 million on such sales in each respective period.","{'us-gaap:ProceedsFromSaleOfAvailableForSaleSecuritiesDebt': ['10.8', '118.3'], 'us-gaap:DebtSecuritiesAvailableForSaleRealizedGain': ['0.1']}","First Solar, Inc.","December 31, 2019",10-K,/home/soumyasharma/HULK/financial/FinNumRED/data/sec_edgar_files/sec-edgar-filings/FSLR/10-K/0001274494-20-000011/filing-details.html,20,"[0, 0, 0, 0, 0, 0, 0, 0, 0, 0, 0, 0, 0, 0, 0, 0, 0, 0, 1128, 0, 0, 0, 1128, 0, 0, 0, 0, 0, 0, 0, 0, 0, 0, 0, 340, 0, 0, 0, 0, 0, 0, 0, 0, 0]","['During', 'the', 'years', 'ended', 'December31', ',', '2018', 'and', '2017', ',', 'we', 'sold', 'marketable', 'securities', 'for', 'proceeds', 'of', '$', '10.8', 'million', 'and', '$', '118.3', 'million', ',', 'respectively', ',', 'and', 'realized', 'gains', 'of', 'less', 'than', '$', '0.1', 'million', 'on', 'such', 'sales', 'in', 'each', 'respective', 'period', '.']"
29,69139,"The current restructuring liability related to the transformation programs, reported in Consolidated Balance Sheets as of October 31, 2021 and 2020, was $287 million and $359 million, respectively, in accrued restructuring, and $27 million and $24 million, respectively, in Other accrued liabilities.","{'us-gaap:RestructuringReserveCurrent': ['287', '359', '27', '24']}",HEWLETT PACKARD ENTERPRISE CO,"October 31, 2021",10-K,/home/soumyasharma/HULK/financial/FinNumRED/data/sec_edgar_files/sec-edgar-filings/HPE/10-K/0001645590-21-000068/filing-details.html,21,"[0, 0, 0, 0, 0, 0, 0, 0, 0, 0, 0, 0, 0, 0, 0, 0, 0, 0, 0, 0, 0, 0, 0, 0, 0, 0, 551, 0, 0, 0, 551, 0, 0, 0, 0, 0, 0, 0, 0, 0, 0, 551, 0, 0, 0, 551, 0, 0, 0, 0, 0, 0, 0, 0, 0]","['The', 'current', 'restructuring', 'liability', 'related', 'to', 'the', 'transformation', 'programs', ',', 'reported', 'in', 'Consolidated', 'Balance', 'Sheets', 'as', 'of', 'October', '31', ',', '2021', 'and', '2020', ',', 'was', '$', '287', 'million', 'and', '$', '359', 'million', ',', 'respectively', ',', 'in', 'accrued', 'restructuring', ',', 'and', '$', '27', 'million', 'and', '$', '24', 'million', ',', 'respectively', ',', 'in', 'Other', 'accrued', 'liabilities', '.']"
30,15419,"As of February1, 2020, there was $1 million of total unrecognized compensation expense related to price-vested options, which is expected to be recognized over a weighted average period of 0.3 years.The weighted average remaining life of exercisable options is 2.1 years, and the weighted average remaining life of all outstanding options is 3.5 years.",{'us-gaap:EmployeeServiceShareBasedCompensationNonvestedAwardsTotalCompensationCostNotYetRecognized': ['1']},TARGET CORP,"February 1, 2020",10-K,/home/soumyasharma/HULK/financial/FinNumRED/data/sec_edgar_files/sec-edgar-filings/TGT/10-K/0000027419-20-000008/filing-details.html,20,"[0, 0, 0, 0, 0, 0, 0, 0, 0, 2590, 0, 0, 0, 0, 0, 0, 0, 0, 0, 0, 0, 0, 0, 0, 0, 0, 0, 0, 0, 0, 0, 0, 0, 0, 0, 0, 0, 0, 0, 0, 0, 0, 0, 0, 0, 0, 0, 0, 0, 0, 0, 0, 0, 0, 0, 0, 0, 0, 0, 0, 0, 0, 0, 0]","['As', 'of', 'February1', ',', '2020', ',', 'there', 'was', '$', '1', 'million', 'of', 'total', 'unrecognized', 'compensation', 'expense', 'related', 'to', 'price', '-', 'vested', 'options', ',', 'which', 'is', 'expected', 'to', 'be', 'recognized', 'over', 'a', 'weighted', 'average', 'period', 'of', '0.3', 'years', '.', 'The', 'weighted', 'average', 'remaining', 'life', 'of', 'exercisable', 'options', 'is', '2.1', 'years', ',', 'and', 'the', 'weighted', 'average', 'remaining', 'life', 'of', 'all', 'outstanding', 'options', 'is', '3.5', 'years', '.']"
31,30788,"The proceeds were used in 2017 to redeem all 2 million shares ($50 million aggregate stated capital) of 6.50% Series Preference Stock, 6 million shares ($150 million aggregate stated capital) of 6.45% Series Preference Stock, and 1.52 million shares ($38 million aggregate stated capital) of 5.83% Class A Preferred Stock and for other general corporate purposes, including Alabama Power's continuous construction program.","{'us-gaap:DebtInstrumentFaceAmount': ['50', '150', '38']}",The Southern Company,"December 31, 2019",10-K,/home/soumyasharma/HULK/financial/FinNumRED/data/sec_edgar_files/sec-edgar-filings/SO/10-K/0000092122-20-000017/filing-details.html,20,"[0, 0, 0, 0, 0, 0, 0, 0, 0, 0, 0, 0, 0, 0, 2609, 0, 0, 0, 0, 0, 0, 0, 0, 0, 0, 0, 0, 0, 0, 0, 0, 0, 2609, 0, 0, 0, 0, 0, 0, 0, 0, 0, 0, 0, 0, 0, 0, 0, 0, 0, 0, 2609, 0, 0, 0, 0, 0, 0, 0, 0, 0, 0, 0, 0, 0, 0, 0, 0, 0, 0, 0, 0, 0, 0, 0, 0, 0, 0, 0]","['The', 'proceeds', 'were', 'used', 'in', '2017', 'to', 'redeem', 'all', '2', 'million', 'shares', '(', '$', '50', 'million', 'aggregate', 'stated', 'capital', ')', 'of', '6.50', '%', 'Series', 'Preference', 'Stock', ',', '6', 'million', 'shares', '(', '$', '150', 'million', 'aggregate', 'stated', 'capital', ')', 'of', '6.45', '%', 'Series', 'Preference', 'Stock', ',', 'and', '1.52', 'million', 'shares', '(', '$', '38', 'million', 'aggregate', 'stated', 'capital', ')', 'of', '5.83', '%', 'Class', 'A', 'Preferred', 'Stock', 'and', 'for', 'other', 'general', 'corporate', 'purposes', ',', 'including', 'Alabama', 'Power', ""'s"", 'continuous', 'construction', 'program', '.']"
32,96540,"As of October31, 2021 and 2020, the company's long-term debt included $424.0 million of gross fixed-rate debt that is not subject to variable interest rate fluctuations.","{'us-gaap:LongtermDebtPercentageBearingFixedInterestAmount': ['424.0', '424.0', '424.0']}",THE TORO COMPANY,"October 31, 2021",10-K,/home/soumyasharma/HULK/financial/FinNumRED/data/sec_edgar_files/sec-edgar-filings/TTC/10-K/0000737758-21-000030/filing-details.html,21,"[0, 0, 0, 0, 0, 0, 0, 0, 0, 0, 0, 0, 0, 0, 0, 0, 0, 994, 0, 0, 0, 0, 0, 0, 0, 0, 0, 0, 0, 0, 0, 0, 0, 0, 0]","['As', 'of', 'October31', ',', '2021', 'and', '2020', ',', 'the', 'company', ""'s"", 'long', '-', 'term', 'debt', 'included', '$', '424.0', 'million', 'of', 'gross', 'fixed', '-', 'rate', 'debt', 'that', 'is', 'not', 'subject', 'to', 'variable', 'interest', 'rate', 'fluctuations', '.']"
33,29096,"During the fourth quarter of 2017, goodwill increased by $1,824 million as at February 27, 2017 due to the finalization of the fair value measurement of BC Pipelines & Field Services as discussed under (b) above.","{'us-gaap:BusinessCombinationStepAcquisitionEquityInterestInAcquireeRemeasurementGain': ['1,824']}",ENBRIDGE INC,"December 31, 2019",10-K,/home/soumyasharma/HULK/financial/FinNumRED/data/sec_edgar_files/sec-edgar-filings/ENB/10-K/0000895728-20-000009/filing-details.html,20,"[0, 0, 0, 0, 0, 0, 0, 0, 0, 0, 0, 567, 0, 0, 0, 0, 0, 0, 0, 0, 0, 0, 0, 0, 0, 0, 0, 0, 0, 0, 0, 0, 0, 0, 0, 0, 0, 0, 0, 0, 0, 0]","['During', 'the', 'fourth', 'quarter', 'of', '2017', ',', 'goodwill', 'increased', 'by', '$', '1,824', 'million', 'as', 'at', 'February', '27', ',', '2017', 'due', 'to', 'the', 'finalization', 'of', 'the', 'fair', 'value', 'measurement', 'of', 'BC', 'Pipelines', '&', 'Field', 'Services', 'as', 'discussed', 'under', '(', 'b', ')', 'above', '.']"
34,78859,"During 2021, we completed the sale of certain properties with total carrying value of $120million, including land, buildings, furniture and fixtures, and leasehold improvements, of which $37 million was classified as held for sale and $83 million was included in property and equipment as of April 3, 2020.",{'us-gaap:DisposalGroupIncludingDiscontinuedOperationPropertyPlantAndEquipment': ['83']},NortonLifeLock Inc.,"April 2, 2021",10-K,/home/soumyasharma/HULK/financial/FinNumRED/data/sec_edgar_files/sec-edgar-filings/NLOK/10-K/0000849399-21-000010/filing-details.html,21,"[0, 0, 0, 0, 0, 0, 0, 0, 0, 0, 0, 0, 0, 0, 0, 0, 0, 0, 0, 0, 0, 0, 0, 0, 0, 0, 0, 0, 0, 0, 0, 0, 0, 0, 0, 0, 0, 0, 0, 0, 0, 0, 0, 0, 843, 0, 0, 0, 0, 0, 0, 0, 0, 0, 0, 0, 0, 0, 0]","['During', '2021', ',', 'we', 'completed', 'the', 'sale', 'of', 'certain', 'properties', 'with', 'total', 'carrying', 'value', 'of', '$', '120million', ',', 'including', 'land', ',', 'buildings', ',', 'furniture', 'and', 'fixtures', ',', 'and', 'leasehold', 'improvements', ',', 'of', 'which', '$', '37', 'million', 'was', 'classified', 'as', 'held', 'for', 'sale', 'and', '$', '83', 'million', 'was', 'included', 'in', 'property', 'and', 'equipment', 'as', 'of', 'April', '3', ',', '2020', '.']"
35,58449,The following table summarizes the allocation of the consideration paid of approximately $24.8 million to the fair values of the assets acquired and liabilities assumed at the acquisition date (in thousands):,{'us-gaap:BusinessCombinationConsiderationTransferred1': ['24.8']},"Affirm Holdings, Inc.","June 30, 2021",10-K,/home/soumyasharma/HULK/financial/FinNumRED/data/sec_edgar_files/sec-edgar-filings/AFRM/10-K/0001820953-21-000102/filing-details.html,21,"[0, 0, 0, 0, 0, 0, 0, 0, 0, 0, 0, 0, 0, 2593, 0, 0, 0, 0, 0, 0, 0, 0, 0, 0, 0, 0, 0, 0, 0, 0, 0, 0, 0, 0]","['The', 'following', 'table', 'summarizes', 'the', 'allocation', 'of', 'the', 'consideration', 'paid', 'of', 'approximately', '$', '24.8', 'million', 'to', 'the', 'fair', 'values', 'of', 'the', 'assets', 'acquired', 'and', 'liabilities', 'assumed', 'at', 'the', 'acquisition', 'date', '(', 'in', 'thousands', '):']"
36,79403,"As part of Quanta’s investment strategy, Quanta formed a partnership with select investors that provides up to $1.0 billion of capital, including approximately $80.0 million from Quanta, available to invest in certain specified infrastructure projects through August 2024.","{'us-gaap:OtherCommitment': ['1.0', '80.0']}","Quanta Services, Inc.","December 31, 2019",10-K,/home/soumyasharma/HULK/financial/FinNumRED/data/sec_edgar_files/sec-edgar-filings/PWR/10-K/0001050915-20-000020/filing-details.html,20,"[0, 0, 0, 0, 0, 0, 0, 0, 0, 0, 0, 0, 0, 0, 0, 0, 0, 0, 0, 0, 2643, 0, 0, 0, 0, 0, 0, 0, 2643, 0, 0, 0, 0, 0, 0, 0, 0, 0, 0, 0, 0, 0, 0, 0, 0]","['As', 'part', 'of', 'Quanta', '’s', 'investment', 'strategy', ',', 'Quanta', 'formed', 'a', 'partnership', 'with', 'select', 'investors', 'that', 'provides', 'up', 'to', '$', '1.0', 'billion', 'of', 'capital', ',', 'including', 'approximately', '$', '80.0', 'million', 'from', 'Quanta', ',', 'available', 'to', 'invest', 'in', 'certain', 'specified', 'infrastructure', 'projects', 'through', 'August', '2024', '.']"
37,35313,"In July 2018, we completed the offering of 11,212,500 shares of our common stock, no par value, in a registered public offering at $113.75 per share (approximately $111.87 per share after deducting underwriting discounts), with 9,750,000 shares pursuant to forward sale agreements.",{'us-gaap:SharesIssuedPricePerShare': ['113.75']},SEMPRA ENERGY,"December 31, 2020",10-K,/home/soumyasharma/HULK/financial/FinNumRED/data/sec_edgar_files/sec-edgar-filings/SAN/10-K/0001032208-21-000007/filing-details.html,21,"[0, 0, 0, 0, 0, 0, 0, 0, 0, 0, 0, 0, 0, 0, 0, 0, 0, 0, 0, 0, 0, 0, 0, 0, 0, 0, 0, 137, 0, 0, 0, 0, 0, 0, 0, 0, 0, 0, 0, 0, 0, 0, 0, 0, 0, 0, 0, 0, 0, 0, 0]","['In', 'July', '2018', ',', 'we', 'completed', 'the', 'offering', 'of', '11,212,500', 'shares', 'of', 'our', 'common', 'stock', ',', 'no', 'par', 'value', ',', 'in', 'a', 'registered', 'public', 'offering', 'at', '$', '113.75', 'per', 'share', '(', 'approximately', '$', '111.87', 'per', 'share', 'after', 'deducting', 'underwriting', 'discounts', ')', ',', 'with', '9,750,000', 'shares', 'pursuant', 'to', 'forward', 'sale', 'agreements', '.']"
38,2854,"The weighted average number of basic shares outstanding includes the impact of 7,767,874 common shares held in a grantor trust.","{'us-gaap:WeightedAverageNumberOfSharesOutstandingBasic': ['7,767,874']}",W. R. BERKLEY CORP,"December 31, 2020",10-K,/home/soumyasharma/HULK/financial/FinNumRED/data/sec_edgar_files/sec-edgar-filings/PG/10-K/0000011544-21-000013/filing-details.html,21,"[0, 0, 0, 0, 0, 0, 0, 0, 0, 0, 0, 0, 751, 0, 0, 0, 0, 0, 0, 0, 0]","['The', 'weighted', 'average', 'number', 'of', 'basic', 'shares', 'outstanding', 'includes', 'the', 'impact', 'of', '7,767,874', 'common', 'shares', 'held', 'in', 'a', 'grantor', 'trust', '.']"
39,46643,The fair value per share attributable to the common stock awards on the date of grant was $139.83.,{'us-gaap:ShareBasedCompensationArrangementByShareBasedPaymentAwardEquityInstrumentsOtherThanOptionsGrantsInPeriodWeightedAverageGrantDateFairValue': ['139.83']},"Travelers Companies, Inc.","December 31, 2020",10-K,/home/soumyasharma/HULK/financial/FinNumRED/data/sec_edgar_files/sec-edgar-filings/TRV/10-K/0000086312-21-000011/filing-details.html,21,"[0, 0, 0, 0, 0, 0, 0, 0, 0, 0, 0, 0, 0, 0, 0, 0, 0, 0, 2637, 0]","['The', 'fair', 'value', 'per', 'share', 'attributable', 'to', 'the', 'common', 'stock', 'awards', 'on', 'the', 'date', 'of', 'grant', 'was', '$', '139.83', '.']"
40,37769,"Deferred commissions, including the employer portion of payroll taxes, included in other current assets as of January29, 2021 and January31, 2020 were $31 million and $13 million, respectively.","{'us-gaap:CapitalizedContractCostNetCurrent': ['31', '13']}","VMWARE, INC.","January 29, 2021",10-K,/home/soumyasharma/HULK/financial/FinNumRED/data/sec_edgar_files/sec-edgar-filings/VMW/10-K/0001124610-21-000015/filing-details.html,21,"[0, 0, 0, 0, 0, 0, 0, 0, 0, 0, 0, 0, 0, 0, 0, 0, 0, 0, 0, 0, 0, 0, 0, 0, 0, 0, 0, 1947, 0, 0, 0, 1947, 0, 0, 0, 0]","['Deferred', 'commissions', ',', 'including', 'the', 'employer', 'portion', 'of', 'payroll', 'taxes', ',', 'included', 'in', 'other', 'current', 'assets', 'as', 'of', 'January29', ',', '2021', 'and', 'January31', ',', '2020', 'were', '$', '31', 'million', 'and', '$', '13', 'million', ',', 'respectively', '.']"
41,91176,A decrease of $2.8 million was recorded as a reduction to expense in the acquisitions and integrations costs line item in the Consolidated Statement of Operations.,{'us-gaap:BusinessCombinationContingentConsiderationArrangementsChangeInAmountOfContingentConsiderationLiability1': ['2.8']},Ciena Corp,"October 31, 2019",10-K,/home/soumyasharma/HULK/financial/FinNumRED/data/sec_edgar_files/sec-edgar-filings/CIEN/10-K/0000936395-19-000056/filing-details.html,19,"[0, 0, 0, 0, 210, 0, 0, 0, 0, 0, 0, 0, 0, 0, 0, 0, 0, 0, 0, 0, 0, 0, 0, 0, 0, 0, 0, 0]","['A', 'decrease', 'of', '$', '2.8', 'million', 'was', 'recorded', 'as', 'a', 'reduction', 'to', 'expense', 'in', 'the', 'acquisitions', 'and', 'integrations', 'costs', 'line', 'item', 'in', 'the', 'Consolidated', 'Statement', 'of', 'Operations', '.']"
42,66956,"The amounts accrued under this plan were $59 million and $51 million as of December31, 2020 and 2019, respectively.","{'us-gaap:DeferredCompensationArrangementWithIndividualRecordedLiability': ['59', '51']}",Quest Diagnostics Inc,"December 31, 2020",10-K,/home/soumyasharma/HULK/financial/FinNumRED/data/sec_edgar_files/sec-edgar-filings/DGX/10-K/0001022079-21-000029/filing-details.html,21,"[0, 0, 0, 0, 0, 0, 0, 0, 429, 0, 0, 0, 429, 0, 0, 0, 0, 0, 0, 0, 0, 0, 0, 0]","['The', 'amounts', 'accrued', 'under', 'this', 'plan', 'were', '$', '59', 'million', 'and', '$', '51', 'million', 'as', 'of', 'December31', ',', '2020', 'and', '2019', ',', 'respectively', '.']"
43,57030,"At December31, 2020, FHLB advances have rates ranging from 0.05% to 5.91%, with interest payable monthly.","{'us-gaap:DebtInstrumentInterestRateStatedPercentage': ['0.05', '5.91']}",FIFTH THIRD BANCORP,"December 31, 2020",10-K,/home/soumyasharma/HULK/financial/FinNumRED/data/sec_edgar_files/sec-edgar-filings/FITB/10-K/0000035527-21-000100/filing-details.html,21,"[0, 0, 0, 0, 0, 0, 0, 0, 0, 0, 0, 2623, 0, 0, 2623, 0, 0, 0, 0, 0, 0, 0]","['At', 'December31', ',', '2020', ',', 'FHLB', 'advances', 'have', 'rates', 'ranging', 'from', '0.05', '%', 'to', '5.91', '%', ',', 'with', 'interest', 'payable', 'monthly', '.']"
44,76174,"This resulted in recognition of a gain of $43.0 million in fiscal 2020, which is recorded in ""Other income (expense)"" in the Consolidated Statement of Operations.",{'us-gaap:BusinessCombinationStepAcquisitionEquityInterestInAcquireeRemeasurementGain': ['43.0']},"Qorvo, Inc.","March 28, 2020",10-K,/home/soumyasharma/HULK/financial/FinNumRED/data/sec_edgar_files/sec-edgar-filings/QRVO/10-K/0001604778-20-000030/filing-details.html,20,"[0, 0, 0, 0, 0, 0, 0, 0, 0, 567, 0, 0, 0, 0, 0, 0, 0, 0, 0, 0, 0, 0, 0, 0, 0, 0, 0, 0, 0, 0, 0, 0, 0]","['This', 'resulted', 'in', 'recognition', 'of', 'a', 'gain', 'of', '$', '43.0', 'million', 'in', 'fiscal', '2020', ',', 'which', 'is', 'recorded', 'in', '""', 'Other', 'income', '(', 'expense', ')', '""', 'in', 'the', 'Consolidated', 'Statement', 'of', 'Operations', '.']"
45,86646,"The 2018 Term A Loan and the 2018 Revolving Credit Facility bear interest at rates based upon, at the option of BKIS, either (i)the base rate plus a margin of between 25 and 50basis points depending on the total leverage ratio of BKFS LLC and its restricted subsidiaries on a consolidated basis (the“Consolidated Leverage Ratio”) or (ii)the Eurodollar rate plus a margin of between 125 and 150basis points depending on the Consolidated Leverage Ratio.","{'us-gaap:DebtInstrumentBasisSpreadOnVariableRate1': ['25', '125']}","Black Knight, Inc.","December 31, 2020",10-K,/home/soumyasharma/HULK/financial/FinNumRED/data/sec_edgar_files/sec-edgar-filings/BKI/10-K/0001627014-21-000005/filing-details.html,21,"[0, 0, 0, 0, 0, 0, 0, 0, 0, 0, 0, 0, 0, 0, 0, 0, 0, 0, 0, 0, 0, 0, 0, 0, 0, 0, 0, 0, 0, 0, 0, 0, 0, 0, 2587, 0, 0, 0, 0, 0, 0, 0, 0, 0, 0, 0, 0, 0, 0, 0, 0, 0, 0, 0, 0, 0, 0, 0, 0, 0, 0, 0, 0, 0, 0, 0, 0, 0, 0, 0, 0, 2587, 0, 0, 0, 0, 0, 0, 0, 0, 0, 0]","['The', '2018', 'Term', 'A', 'Loan', 'and', 'the', '2018', 'Revolving', 'Credit', 'Facility', 'bear', 'interest', 'at', 'rates', 'based', 'upon', ',', 'at', 'the', 'option', 'of', 'BKIS', ',', 'either', '(', 'i)the', 'base', 'rate', 'plus', 'a', 'margin', 'of', 'between', '25', 'and', '50basis', 'points', 'depending', 'on', 'the', 'total', 'leverage', 'ratio', 'of', 'BKFS', 'LLC', 'and', 'its', 'restricted', 'subsidiaries', 'on', 'a', 'consolidated', 'basis', '(', 'the“Consolidated', 'Leverage', 'Ratio', '”', ')', 'or', '(', 'ii)the', 'Eurodollar', 'rate', 'plus', 'a', 'margin', 'of', 'between', '125', 'and', '150basis', 'points', 'depending', 'on', 'the', 'Consolidated', 'Leverage', 'Ratio', '.']"
46,72654,"As of June 30, 2021, the Company has entered into forward contracts that mature in June 2022 to purchase 8million shares at a weighted average price of $11.65.",{'us-gaap:ForwardContractIndexedToIssuersEquityForwardRate': ['11.65']},AMCOR PLC,"June 30, 2021",10-K,/home/soumyasharma/HULK/financial/FinNumRED/data/sec_edgar_files/sec-edgar-filings/AMCR/10-K/0001748790-21-000031/filing-details.html,21,"[0, 0, 0, 0, 0, 0, 0, 0, 0, 0, 0, 0, 0, 0, 0, 0, 0, 0, 0, 0, 0, 0, 0, 0, 0, 0, 0, 0, 0, 0, 407, 0]","['As', 'of', 'June', '30', ',', '2021', ',', 'the', 'Company', 'has', 'entered', 'into', 'forward', 'contracts', 'that', 'mature', 'in', 'June', '2022', 'to', 'purchase', '8million', 'shares', 'at', 'a', 'weighted', 'average', 'price', 'of', '$', '11.65', '.']"
47,2258,"Of International's total net sales, approximately $11.8 billion and $6.7 billion related to eCommerce for fiscal 2020 and fiscal 2019, respectively.","{'us-gaap:RevenueFromContractWithCustomerExcludingAssessedTax': ['11.8', '6.7']}",WALMART INC.,"January 31, 2020",10-K,/home/soumyasharma/HULK/financial/FinNumRED/data/sec_edgar_files/sec-edgar-filings/WMT/10-K/0000104169-20-000011/filing-details.html,20,"[0, 0, 0, 0, 0, 0, 0, 0, 0, 2597, 0, 0, 0, 2597, 0, 0, 0, 0, 0, 0, 0, 0, 0, 0, 0, 0, 0]","['Of', 'International', ""'s"", 'total', 'net', 'sales', ',', 'approximately', '$', '11.8', 'billion', 'and', '$', '6.7', 'billion', 'related', 'to', 'eCommerce', 'for', 'fiscal', '2020', 'and', 'fiscal', '2019', ',', 'respectively', '.']"
48,21873,"In order to consummate the Newmont Goldcorp transaction, the Company amended its Restated Certificate of Incorporation to increase Newmont’s authorized number of shares of common stock from 750 million to 1.28 billion, as approved by Newmont shareholders at the April 11, 2019 special meeting of stockholders.","{'us-gaap:CommonStockSharesAuthorized': ['750', '1.28']}",NEWMONT Corp /DE/,"December 31, 2019",10-K,/home/soumyasharma/HULK/financial/FinNumRED/data/sec_edgar_files/sec-edgar-filings/DE/10-K/0001558370-20-001041/filing-details.html,20,"[0, 0, 0, 0, 0, 0, 0, 0, 0, 0, 0, 0, 0, 0, 0, 0, 0, 0, 0, 0, 0, 0, 0, 0, 0, 0, 0, 0, 0, 2578, 0, 0, 2578, 0, 0, 0, 0, 0, 0, 0, 0, 0, 0, 0, 0, 0, 0, 0, 0, 0, 0]","['In', 'order', 'to', 'consummate', 'the', 'Newmont', 'Goldcorp', 'transaction', ',', 'the', 'Company', 'amended', 'its', 'Restated', 'Certificate', 'of', 'Incorporation', 'to', 'increase', 'Newmont', '’s', 'authorized', 'number', 'of', 'shares', 'of', 'common', 'stock', 'from', '750', 'million', 'to', '1.28', 'billion', ',', 'as', 'approved', 'by', 'Newmont', 'shareholders', 'at', 'the', 'April', '11', ',', '2019', 'special', 'meeting', 'of', 'stockholders', '.']"
49,28328,"The first call option allows Duke Energy to call the Series B Preferred Stock at a redemption price of $1,020 per share, in whole but not in part, at any time within 120 days after a ratings event.","{'us-gaap:PreferredStockRedemptionPricePerShare': ['1,020']}",DUKE ENERGY CORPORATION,"December 31, 2019",10-K,/home/soumyasharma/HULK/financial/FinNumRED/data/sec_edgar_files/sec-edgar-filings/DUK/10-K/0001326160-20-000034/filing-details.html,20,"[0, 0, 0, 0, 0, 0, 0, 0, 0, 0, 0, 0, 0, 0, 0, 0, 0, 0, 0, 0, 204, 0, 0, 0, 0, 0, 0, 0, 0, 0, 0, 0, 0, 0, 0, 0, 0, 0, 0, 0, 0, 0]","['The', 'first', 'call', 'option', 'allows', 'Duke', 'Energy', 'to', 'call', 'the', 'Series', 'B', 'Preferred', 'Stock', 'at', 'a', 'redemption', 'price', 'of', '$', '1,020', 'per', 'share', ',', 'in', 'whole', 'but', 'not', 'in', 'part', ',', 'at', 'any', 'time', 'within', '120', 'days', 'after', 'a', 'ratings', 'event', '.']"
